0,ふみふみ,shasinn/1
1,こうき,shasinn/2
2,つな,shasinn/3
3,しゅーと,shasinn/4
4,りゅび,shasinn/5
5,NOA,shasinn/6
6,りんちゃん,shasinn/7
7,とがぴ,shasinn/8
8,かわむらくん,shasinn/9
9,めめ,shasinn/10
10,れんれん,shasinn/11
11,マコ,shasinn/12
12,わたなべ,shasinn/13
13,馬場,shasinn/14
14,たかちゃん,shasinn/15
15,とみー,shasinn/16
16,トムさん,shasinn/17
17,瑠偉,shasinn/18
18,宮崎ちゃん,shasinn/19
19,原ちゃん,shasinn/20
20,かわまっちゃん,shasinn/21
21,赤穂,shasinn/22
22,高田,shasinn/23
23,林,shasinn/24
24,渡嘉敷,shasinn/25
25,エブリン,shasinn/26
26,本橋,shasinn/27
27,三好,shasinn/28
28,女子全体1,shasinn/29
29,女子全体2,shasinn/30
30,男子全体1,shasinn/31
31,男子全体2,shasinn/32
